predicted_designation,Python Programming,React,Agile Methodology,Digital Marketing,Public Speaking,Java,R,Cloud Computing,DevOps,UI/UX Design,Git,JavaScript,Data Visualization,Leadership Skills,Testing and QA,Microservices Architecture,PHP,Networking,Content Writing,Time Management,Data Warehousing,Responsive Web Design,Project Management,Business Analysis,Data Analysis,Machine Learning,Communication Skills,HTML,CSS,SQL
Principal Architect,0.0,0.0,1.0,0.7065217391304348,0.0,0.0,0.0,0.0,0.0,0.0,0.0,0.0,0.0,0.5434782608695653,0.7608695652173914,0.0,0.0,0.0,0.0,0.7608695652173914,0.9782608695652175,0.8695652173913044,0.0,0.6521739130434783,0.0,0.0,0.0,0.6521739130434783,0.4347826086956522,0.0
Software Engineer,0.9,0.29999999999999993,0.0,0.0,0.5999999999999999,0.39999999999999997,0.6499999999999999,0.64,1.0,0.7999999999999999,0.0,0.5999999999999999,0.0,0.6666666666666666,0.7333333333333333,0.0,0.0,0.6799999999999999,0.5599999999999998,0.19999999999999998,0.5999999999999999,0.5999999999999999,0.7499999999999999,0.39999999999999997,0.5999999999999999,0.5999999999999999,0.7999999999999999,0.0,0.0,0.7999999999999999
Solutions Consultant,0.0,0.39999999999999997,0.0,0.0,0.7999999999999999,1.0,0.0,0.0,0.6,0.39999999999999997,0.7999999999999999,0.0,0.6,0.0,0.0,0.0,0.0,0.0,0.0,1.0,0.7999999999999999,0.0,0.39999999999999997,0.0,1.0,0.0,0.0,0.7999999999999999,0.39999999999999997,0.6
Solutions Enabler,0.6,0.6,0.0,0.0,0.0,0.0,0.0,0.0,0.0,0.0,0.9000000000000001,0.9000000000000001,0.9000000000000001,0.0,0.0,0.0,0.0,0.0,0.0,0.0,1.0,0.0,0.0,0.0,0.0,0.0,0.0,0.6,0.7,0.0
Sr. Software Engineer,0.9,0.0,0.0,0.6000000000000001,0.7333333333333334,0.5333333333333333,1.0,0.0,0.8,0.4666666666666667,0.0,0.6000000000000001,0.0,0.0,0.0,0.68,0.68,0.0,0.0,0.0,0.0,0.6000000000000001,0.0,0.6000000000000001,0.4,0.65,0.9,1.0,0.6000000000000001,0.0
Average,0.5662075846364082,0.3803664627671356,0.3229482708832269,0.34959093528469626,0.4491728316693715,0.42396593762830964,0.3136586667966586,0.1095782380092443,0.481640489245853,0.3304312411612598,0.5430124546509846,0.5691231776736393,0.4935024955504536,0.28965936253674557,0.37127990817355494,0.13761042279659355,0.13761042279659355,0.11642687788482206,0.09588095825808873,0.5275145053351727,1.0,0.5049751428014976,0.227431915868145,0.40052579757942897,0.43122670116372913,0.23426897286570444,0.31910423944822325,0.8410082882524236,0.629165207596314,0.28550267481314817
